{
  "timestamp": "2025-06-11T19:14:40.256368",
  "training_session": "20250611_191440",
  "dataflow_mapping": {
    "IS": 0,
    "OS": 1,
    "WS": 2
  },
  "feature_columns": [
    "Dataflow_encoded",
    "Total Number of Multipliers",
    "R",
    "C",
    "A",
    "B",
    "P",
    "Streaming Dimension Size"
  ],
  "configs": {
    "Area": {
      "sample_size": 90,
      "alpha": 0.1,
      "ensemble_size": 5,
      "n_trials": 12
    },
    "Total Power": {
      "sample_size": 90,
      "alpha": 0.0011,
      "ensemble_size": 5,
      "n_trials": 12
    }
  },
  "results_summary": {
    "Area": {
      "best_metrics": {
        "MSE": 2178548179719.6624,
        "MAE": 581718.9648428343,
        "RMSE": 1475990.5757557065,
        "R2": 0.9633538978804093,
        "MAPE": 9.541400874944467
      },
      "enhanced_metrics": {
        "R2": 0.9633538978804093,
        "MAPE": 9.541400874944467,
        "min_MAPE": 9.541400874944467,
        "best_R2": 0.9633538978804093,
        "trials_completed": 1
      },
      "trials_completed": 1
    },
    "Total Power": {
      "best_metrics": {
        "MSE": 321822.85889817524,
        "MAE": 227.27139163008917,
        "RMSE": 567.2943318050827,
        "R2": 0.910288362552443,
        "MAPE": 13.958920085276027
      },
      "enhanced_metrics": {
        "R2": 0.8971808062595849,
        "MAPE": 14.422758362544798,
        "min_MAPE": 13.958920085276027,
        "best_R2": 0.910288362552443,
        "trials_completed": 12
      },
      "trials_completed": 12
    }
  }
}