{
  "timestamp": "20250611_191437",
  "target": "Area",
  "feature_columns": [
    "Dataflow_encoded",
    "Total Number of Multipliers",
    "R",
    "C",
    "A",
    "B",
    "P",
    "Streaming Dimension Size"
  ],
  "coefficients": [
    [
      151809.7468100838,
      -22586.815407281658,
      475599.5160464637,
      238058.5671247357,
      173670.69937566223,
      47876.03535808703,
      26013.44885095913,
      -58000.56602368087,
      64242.91886118842
    ],
    [
      146422.81402867578,
      -13415.50133774943,
      438164.0912070009,
      116748.38676450844,
      174823.54126980234,
      119203.2839667541,
      31788.04960438954,
      -21246.826644141172,
      78374.60705590411
    ],
    [
      165891.11569944353,
      -33782.962193394786,
      483520.2562421428,
      182135.0832646564,
      111702.70537810696,
      31267.489976065233,
      38815.90840697566,
      -93566.31349533779,
      57839.71976564798
    ],
    [
      142833.6822380034,
      -11345.250591713535,
      467486.5784842283,
      109336.2169664084,
      163398.90567829827,
      71116.39114760999,
      28291.56544986088,
      -60493.778731105805,
      79222.93847522684
    ],
    [
      169295.35982115532,
      -32204.498003233304,
      466609.3532906221,
      67079.24630549471,
      171169.67835259982,
      81874.98672961589,
      17098.31563662212,
      -86205.59282432246,
      48179.15365486117
    ]
  ],
  "ensemble_size": 5,
  "config": {
    "sample_size": 90,
    "alpha": 0.1,
    "ensemble_size": 5,
    "n_trials": 12
  },
  "metrics": {
    "MSE": 2178548179719.6624,
    "MAE": 581718.9648428343,
    "RMSE": 1475990.5757557065,
    "R2": 0.9633538978804093,
    "MAPE": 9.541400874944467
  }
}