{
  "timestamp": "2025-06-13T21:30:32.703923",
  "training_session": "20250613_213032",
  "dataflow_mapping": {
    "IS": 0,
    "OS": 1,
    "WS": 2
  },
  "feature_columns": [
    "Dataflow_encoded",
    "Total Number of Multipliers",
    "R",
    "C",
    "A",
    "B",
    "P",
    "Streaming Dimension Size",
    "R_C_interaction",
    "A_B_P_interaction",
    "R_A_P_interaction",
    "C_B_P_interaction",
    "R_C_A_B_interaction",
    "Streaming_size_log",
    "Power_complexity_factor"
  ],
  "configs": {
    "Area": {
      "sample_size": 25,
      "alpha": 0.1,
      "ensemble_size": 5,
      "n_trials": 12
    },
    "Total Power": {
      "sample_size": 25,
      "alpha": 0.001,
      "ensemble_size": 10,
      "n_trials": 12
    }
  },
  "results_summary": {
    "Area": {
      "best_metrics": {
        "MSE": 1051248904922.6686,
        "MAE": 405203.42691532226,
        "RMSE": 1025304.2986951086,
        "R2": 0.9823165835479198,
        "MAPE": 6.8168208438267595
      },
      "enhanced_metrics": {
        "R2": 0.9823165835479198,
        "MAPE": 6.8168208438267595,
        "min_MAPE": 6.8168208438267595,
        "best_R2": 0.9823165835479198,
        "trials_completed": 1
      },
      "trials_completed": 1
    },
    "Total Power": {
      "best_metrics": {
        "MSE": 93673.0719041973,
        "MAE": 134.13618390849905,
        "RMSE": 306.0605690124053,
        "R2": 0.973887607940469,
        "MAPE": 9.75728133731801
      },
      "enhanced_metrics": {
        "R2": 0.973887607940469,
        "MAPE": 9.75728133731801,
        "min_MAPE": 9.75728133731801,
        "best_R2": 0.973887607940469,
        "trials_completed": 1
      },
      "trials_completed": 1
    }
  }
}