{
  "timestamp": "2025-07-01T18:48:23.228521",
  "test_session": "20250701_184823",
  "test_metrics": {
    "Area": {
      "MSE": 1129033427076.2317,
      "MAE": 483349.26762865036,
      "RMSE": 1062559.8463504217,
      "R2": 0.9896476438916832,
      "MAPE": 6.582470595373126
    },
    "Total Power": {
      "MSE": 103397.3218507308,
      "MAE": 146.6762196158246,
      "RMSE": 321.5545394652839,
      "R2": 0.9838194073955236,
      "MAPE": 8.411730550693841
    }
  },
  "sample_count": 73
}