Sample_ID,Dataflow,Total_Multipliers,R,C,A,B,P,Streaming_Size,Predicted_Area,Predicted_Power
1,OS,256,16,16,1,1,1,1,348241.9325437497,105.38523534272866
2,WS,512,8,8,2,2,2,64,612836.7368795438,172.52166266141748
3,IS,1024,32,32,1,1,1,128,1404049.3835750024,407.9853502694171
