{
  "timestamp": "20250611_191440",
  "target": "Total Power",
  "feature_columns": [
    "Dataflow_encoded",
    "Total Number of Multipliers",
    "R",
    "C",
    "A",
    "B",
    "P",
    "Streaming Dimension Size"
  ],
  "coefficients": [
    [
      47.61152471736898,
      -12.772005335515601,
      121.49638073855583,
      104.19130515998864,
      58.25180000159623,
      42.34045406179525,
      34.394761541243895,
      -15.918159775473608,
      27.495710789138055
    ],
    [
      40.55985985972853,
      -7.795575399199455,
      113.24913671085838,
      107.8090019979079,
      72.08007286041286,
      64.07086359471164,
      55.87865652789661,
      20.029118592033072,
      22.296244477724578
    ],
    [
      44.25314160310584,
      -2.164975240735256,
      127.83566843225499,
      21.270322977644053,
      59.952641095952956,
      20.805793015485293,
      8.322872115987721,
      -12.84632147492446,
      32.537341804013984
    ],
    [
      47.95994557004903,
      -7.7849373075076445,
      136.60551321992617,
      69.12228256262657,
      39.79596331837019,
      11.533795123676708,
      3.5277307170201295,
      -18.250166597352994,
      28.693333038713078
    ],
    [
      37.816818564695964,
      -4.21345489997417,
      122.8121759602496,
      35.58044030913539,
      94.458562284887,
      47.64894885803389,
      28.907315246062318,
      8.979235082034064,
      26.570236354130525
    ]
  ],
  "ensemble_size": 5,
  "config": {
    "sample_size": 90,
    "alpha": 0.0011,
    "ensemble_size": 5,
    "n_trials": 12
  },
  "metrics": {
    "MSE": 321822.85889817524,
    "MAE": 227.27139163008917,
    "RMSE": 567.2943318050827,
    "R2": 0.910288362552443,
    "MAPE": 13.958920085276027
  }
}